latitude,longitude,value,date
-8.0,107.5,4.7566338,20200101
-8.0,107.5,4.4558306,20200201
-8.0,107.5,4.559792,20200301
-8.0,107.5,5.079304,20200401
-8.0,107.5,7.218359,20200501
-8.0,107.5,8.943982,20200601
-8.0,107.5,8.704146,20200701
-8.0,107.5,8.538864,20200801
-8.0,107.5,8.191115,20200901
-8.0,107.5,7.6315246,20201001
-8.0,107.5,6.25743,20201101
-8.0,107.5,5.6555133,20201201
-8.0,107.5,6.128001,20210101
-8.0,107.5,6.91332,20210201
-8.0,107.5,4.2559266,20210301
-8.0,107.5,5.873055,20210401
-8.0,107.5,6.7495837,20210501
-8.0,107.5,5.5462813,20210601
-8.0,107.5,7.8189416,20210701
-8.0,107.5,8.782161,20210801
-8.0,107.5,8.68353,20210901
-8.0,107.5,6.715511,20211001
-8.0,107.5,4.1522794,20211101
-8.0,107.5,4.6389146,20211201
-8.0,107.5,5.351424,20220101
-8.0,107.5,6.420905,20220201
-8.0,107.5,4.542018,20220301
-8.0,107.5,4.355335,20220401
-8.0,107.5,5.0858855,20220501
-8.0,107.5,6.060962,20220601
-8.0,107.5,8.169821,20220701
-8.0,107.5,8.1113825,20220801
-8.0,107.5,7.859995,20220901
-8.0,107.5,5.8663435,20221001
-8.0,107.5,5.1170344,20221101
-8.0,107.5,5.611517,20221201
-8.0,107.5,5.6381383,20230101
-8.0,107.5,8.397958,20230201
-8.0,107.5,5.4263015,20230301
-8.0,107.5,7.360768,20230501
-8.0,107.5,7.505024,20230601
-8.0,108.125,4.757133,20200101
-8.0,108.125,4.2137775,20200201
-8.0,108.125,4.430752,20200301
-8.0,108.125,4.751179,20200401
-8.0,108.125,6.682608,20200501
-8.0,108.125,8.227686,20200601
-8.0,108.125,7.8012347,20200701
-8.0,108.125,7.606383,20200801
-8.0,108.125,7.1985884,20200901
-8.0,108.125,6.92497,20201001
-8.0,108.125,5.7948823,20201101
-8.0,108.125,5.6774726,20201201
-8.0,108.125,5.887711,20210101
-8.0,108.125,6.1536074,20210201
-8.0,108.125,4.01747,20210301
-8.0,108.125,5.3132715,20210401
-8.0,108.125,6.074685,20210501
-8.0,108.125,4.9572997,20210601
-8.0,108.125,7.0355334,20210701
-8.0,108.125,7.9172015,20210801
-8.0,108.125,7.7484536,20210901
-8.0,108.125,5.872071,20211001
-8.0,108.125,3.963718,20211101
-8.0,108.125,4.5413756,20211201
-8.0,108.125,5.5612783,20220101
-8.0,108.125,5.956155,20220201
-8.0,108.125,4.4454722,20220301
-8.0,108.125,4.04256,20220401
-8.0,108.125,4.566836,20220501
-8.0,108.125,5.416,20220601
-8.0,108.125,7.370207,20220701
-8.0,108.125,7.2487416,20220801
-8.0,108.125,7.185956,20220901
-8.0,108.125,5.5201826,20221001
-8.0,108.125,4.933361,20221101
-8.0,108.125,5.414537,20221201
-8.0,108.125,5.835926,20230101
-8.0,108.125,8.022266,20230201
-8.0,108.125,4.831829,20230301
-8.0,108.125,6.649582,20230501
-8.0,108.125,6.7603693,20230601
-8.0,108.75,4.459028,20200101
-8.0,108.75,3.7010653,20200201
-8.0,108.75,4.1628447,20200301
-8.0,108.75,4.6611686,20200401
-8.0,108.75,6.5268626,20200501
-8.0,108.75,8.162288,20200601
-8.0,108.75,7.8472333,20200701
-8.0,108.75,7.6401215,20200801
-8.0,108.75,7.2534204,20200901
-8.0,108.75,6.9787464,20201001
-8.0,108.75,5.797475,20201101
-8.0,108.75,5.321794,20201201
-8.0,108.75,5.190897,20210101
-8.0,108.75,5.174846,20210201
-8.0,108.75,3.7094088,20210301
-8.0,108.75,5.0186634,20210401
-8.0,108.75,6.0408835,20210501
-8.0,108.75,4.872458,20210601
-8.0,108.75,6.994239,20210701
-8.0,108.75,7.970332,20210801
-8.0,108.75,7.6980953,20210901
-8.0,108.75,5.819983,20211001
-8.0,108.75,3.8231204,20211101
-8.0,108.75,4.2344475,20211201
-8.0,108.75,5.290797,20220101
-8.0,108.75,5.249287,20220201
-8.0,108.75,4.0550113,20220301
-8.0,108.75,3.7734385,20220401
-8.0,108.75,4.2230687,20220501
-8.0,108.75,5.251656,20220601
-8.0,108.75,7.240454,20220701
-8.0,108.75,7.316931,20220801
-8.0,108.75,7.2007723,20220901
-8.0,108.75,5.52277,20221001
-8.0,108.75,4.7443404,20221101
-8.0,108.75,5.202407,20221201
-8.0,108.75,5.6012654,20230101
-8.0,108.75,6.917231,20230201
-8.0,108.75,4.4161744,20230301
-8.0,108.75,6.643653,20230501
-8.0,108.75,6.6985598,20230601
-7.5,106.25,4.0768867,20200101
-7.5,106.25,4.005738,20200201
-7.5,106.25,4.0665383,20200301
-7.5,106.25,4.6699724,20200401
-7.5,106.25,6.1387825,20200501
-7.5,106.25,8.16614,20200601
-7.5,106.25,8.739841,20200701
-7.5,106.25,8.628056,20200801
-7.5,106.25,8.957525,20200901
-7.5,106.25,7.649476,20201001
-7.5,106.25,6.085587,20201101
-7.5,106.25,5.4661684,20201201
-7.5,106.25,6.0146737,20210101
-7.5,106.25,6.4015,20210201
-7.5,106.25,3.9285712,20210301
-7.5,106.25,6.1054397,20210401
-7.5,106.25,6.033496,20210501
-7.5,106.25,4.9493246,20210601
-7.5,106.25,7.265859,20210701
-7.5,106.25,9.036907,20210801
-7.5,106.25,8.998616,20210901
-7.5,106.25,7.136818,20211001
-7.5,106.25,4.3357716,20211101
-7.5,106.25,4.210937,20211201
-7.5,106.25,4.385376,20220101
-7.5,106.25,5.896198,20220201
-7.5,106.25,4.2470546,20220301
-7.5,106.25,3.831069,20220401
-7.5,106.25,4.591139,20220501
-7.5,106.25,5.4102163,20220601
-7.5,106.25,7.5266633,20220701
-7.5,106.25,8.526332,20220801
-7.5,106.25,7.9590263,20220901
-7.5,106.25,5.91886,20221001
-7.5,106.25,4.6844783,20221101
-7.5,106.25,5.399468,20221201
-7.5,106.25,5.066713,20230101
-7.5,106.25,7.538005,20230201
-7.5,106.25,5.1610765,20230301
-7.5,106.25,7.128809,20230501
-7.5,106.25,7.6702147,20230601
-7.5,106.875,4.3553467,20200101
-7.5,106.875,4.2386246,20200201
-7.5,106.875,4.174344,20200301
-7.5,106.875,4.5102654,20200401
-7.5,106.875,5.9247265,20200501
-7.5,106.875,7.5215936,20200601
-7.5,106.875,7.791135,20200701
-7.5,106.875,7.7215614,20200801
-7.5,106.875,7.9840693,20200901
-7.5,106.875,7.2717037,20201001
-7.5,106.875,5.7443957,20201101
-7.5,106.875,5.611623,20201201
-7.5,106.875,5.882257,20210101
-7.5,106.875,6.43536,20210201
-7.5,106.875,4.1346397,20210301
-7.5,106.875,5.7563095,20210401
-7.5,106.875,5.7210784,20210501
-7.5,106.875,4.743441,20210601
-7.5,106.875,6.62125,20210701
-7.5,106.875,8.041117,20210801
-7.5,106.875,7.9943967,20210901
-7.5,106.875,6.5025244,20211001
-7.5,106.875,4.2842565,20211101
-7.5,106.875,4.3827024,20211201
-7.5,106.875,4.657851,20220101
-7.5,106.875,5.739261,20220201
-7.5,106.875,4.3285875,20220301
-7.5,106.875,4.0967693,20220401
-7.5,106.875,4.466089,20220501
-7.5,106.875,5.249173,20220601
-7.5,106.875,6.884829,20220701
-7.5,106.875,7.6525354,20220801
-7.5,106.875,7.3319364,20220901
-7.5,106.875,5.7404876,20221001
-7.5,106.875,4.7703342,20221101
-7.5,106.875,5.3954067,20221201
-7.5,106.875,5.2043633,20230101
-7.5,106.875,7.460571,20230201
-7.5,106.875,5.1913185,20230301
-7.5,106.875,6.691655,20230501
-7.5,106.875,6.933141,20230601
-7.5,107.5,4.5475087,20200101
-7.5,107.5,4.121505,20200201
-7.5,107.5,4.3030486,20200301
-7.5,107.5,4.3064938,20200401
-7.5,107.5,5.40977,20200501
-7.5,107.5,6.50767,20200601
-7.5,107.5,6.534057,20200701
-7.5,107.5,6.3557053,20200801
-7.5,107.5,6.5617933,20200901
-7.5,107.5,6.238422,20201001
-7.5,107.5,5.0912094,20201101
-7.5,107.5,5.7843504,20201201
-7.5,107.5,5.612213,20210101
-7.5,107.5,6.0950246,20210201
-7.5,107.5,4.0601273,20210301
-7.5,107.5,5.0522904,20210401
-7.5,107.5,5.0113378,20210501
-7.5,107.5,4.01346,20210601
-7.5,107.5,5.6904364,20210701
-7.5,107.5,6.6357083,20210801
-7.5,107.5,6.585246,20210901
-7.5,107.5,5.25624,20211001
-7.5,107.5,3.9670472,20211101
-7.5,107.5,4.334016,20211201
-7.5,107.5,4.9086075,20220101
-7.5,107.5,5.485422,20220201
-7.5,107.5,4.2088246,20220301
-7.5,107.5,3.8493168,20220401
-7.5,107.5,3.9929378,20220501
-7.5,107.5,4.6286745,20220601
-7.5,107.5,5.910703,20220701
-7.5,107.5,6.2631154,20220801
-7.5,107.5,6.0285044,20220901
-7.5,107.5,5.0125422,20221001
-7.5,107.5,4.6479406,20221101
-7.5,107.5,5.3064504,20221201
-7.5,107.5,5.336282,20230101
-7.5,107.5,7.3479595,20230201
-7.5,107.5,4.8442492,20230301
-7.5,107.5,5.790112,20230501
-7.5,107.5,5.871467,20230601
-7.5,108.125,3.787266,20200101
-7.5,108.125,3.264321,20200201
-7.5,108.125,3.7365344,20200301
-7.5,108.125,3.5046844,20200401
-7.5,108.125,4.610784,20200501
-7.5,108.125,5.502902,20200601
-7.5,108.125,5.5361023,20200701
-7.5,108.125,5.398588,20200801
-7.5,108.125,5.515151,20200901
-7.5,108.125,5.303462,20201001
-7.5,108.125,4.440597,20201101
-7.5,108.125,4.9957147,20201201
-7.5,108.125,4.365202,20210101
-7.5,108.125,4.3664336,20210201
-7.5,108.125,3.3548198,20210301
-7.5,108.125,3.9530816,20210401
-7.5,108.125,4.360179,20210501
-7.5,108.125,3.43019,20210601
-7.5,108.125,4.857674,20210701
-7.5,108.125,5.6731567,20210801
-7.5,108.125,5.681101,20210901
-7.5,108.125,4.427,20211001
-7.5,108.125,3.4896004,20211101
-7.5,108.125,3.8063867,20211201
-7.5,108.125,4.2855406,20220101
-7.5,108.125,4.32719,20220201
-7.5,108.125,3.7362516,20220301
-7.5,108.125,3.3178906,20220401
-7.5,108.125,3.1628714,20220501
-7.5,108.125,3.9245236,20220601
-7.5,108.125,5.109981,20220701
-7.5,108.125,5.319439,20220801
-7.5,108.125,5.203635,20220901
-7.5,108.125,4.4185324,20221001
-7.5,108.125,4.1734467,20221101
-7.5,108.125,4.246119,20221201
-7.5,108.125,4.708081,20230101
-7.5,108.125,5.4192843,20230201
-7.5,108.125,3.7124012,20230301
-7.5,108.125,4.7671704,20230501
-7.5,108.125,4.9838943,20230601
-7.5,108.75,3.0650349,20200101
-7.5,108.75,2.7771885,20200201
-7.5,108.75,3.102088,20200301
-7.5,108.75,3.0510905,20200401
-7.5,108.75,4.0711746,20200501
-7.5,108.75,4.967303,20200601
-7.5,108.75,5.2406797,20200701
-7.5,108.75,5.1619697,20200801
-7.5,108.75,5.4761534,20200901
-7.5,108.75,5.103762,20201001
-7.5,108.75,4.199794,20201101
-7.5,108.75,4.024281,20201201
-7.5,108.75,3.3462918,20210101
-7.5,108.75,3.8027008,20210201
-7.5,108.75,2.8798232,20210301
-7.5,108.75,3.4925122,20210401
-7.5,108.75,3.9018202,20210501
-7.5,108.75,3.1275475,20210601
-7.5,108.75,4.417946,20210701
-7.5,108.75,5.394055,20210801
-7.5,108.75,5.3768015,20210901
-7.5,108.75,4.514458,20211001
-7.5,108.75,3.291757,20211101
-7.5,108.75,3.3105378,20211201
-7.5,108.75,3.4041917,20220101
-7.5,108.75,3.5643322,20220201
-7.5,108.75,3.1935558,20220301
-7.5,108.75,2.9913697,20220401
-7.5,108.75,2.5906742,20220501
-7.5,108.75,3.535381,20220601
-7.5,108.75,4.6435356,20220701
-7.5,108.75,5.2155,20220801
-7.5,108.75,4.9744763,20220901
-7.5,108.75,4.3988047,20221001
-7.5,108.75,3.7432804,20221101
-7.5,108.75,3.6014788,20221201
-7.5,108.75,3.823852,20230101
-7.5,108.75,3.6285856,20230201
-7.5,108.75,2.9350722,20230301
-7.5,108.75,4.3264384,20230501
-7.5,108.75,4.769988,20230601
-7.0,106.25,3.8258722,20200101
-7.0,106.25,3.8876622,20200201
-7.0,106.25,3.5629375,20200301
-7.0,106.25,3.7943573,20200401
-7.0,106.25,4.2820244,20200501
-7.0,106.25,5.0876718,20200601
-7.0,106.25,5.6662464,20200701
-7.0,106.25,5.7462444,20200801
-7.0,106.25,6.501005,20200901
-7.0,106.25,6.0606546,20201001
-7.0,106.25,4.730729,20201101
-7.0,106.25,5.512243,20201201
-7.0,106.25,5.2609897,20210101
-7.0,106.25,5.4397497,20210201
-7.0,106.25,3.7289853,20210301
-7.0,106.25,4.914894,20210401
-7.0,106.25,4.0951605,20210501
-7.0,106.25,3.7298305,20210601
-7.0,106.25,4.747353,20210701
-7.0,106.25,6.105123,20210801
-7.0,106.25,6.1680765,20210901
-7.0,106.25,5.5004425,20211001
-7.0,106.25,4.31443,20211101
-7.0,106.25,4.006695,20211201
-7.0,106.25,4.1137333,20220101
-7.0,106.25,5.0869703,20220201
-7.0,106.25,4.0710444,20220301
-7.0,106.25,3.5322492,20220401
-7.0,106.25,3.6127772,20220501
-7.0,106.25,3.9133039,20220601
-7.0,106.25,4.9367967,20220701
-7.0,106.25,6.062933,20220801
-7.0,106.25,5.685313,20220901
-7.0,106.25,5.233448,20221001
-7.0,106.25,4.3844647,20221101
-7.0,106.25,5.0842505,20221201
-7.0,106.25,4.857613,20230101
-7.0,106.25,6.30231,20230201
-7.0,106.25,4.27224,20230301
-7.0,106.25,5.2266397,20230501
-7.0,106.25,5.4968266,20230601
-7.0,106.875,3.6262379,20200101
-7.0,106.875,3.6075573,20200201
-7.0,106.875,3.4052176,20200301
-7.0,106.875,3.23571,20200401
-7.0,106.875,3.4564707,20200501
-7.0,106.875,3.7045002,20200601
-7.0,106.875,3.9797072,20200701
-7.0,106.875,3.9191256,20200801
-7.0,106.875,4.5000515,20200901
-7.0,106.875,4.460445,20201001
-7.0,106.875,3.864176,20201101
-7.0,106.875,5.2477612,20201201
-7.0,106.875,4.750975,20210101
-7.0,106.875,5.05636,20210201
-7.0,106.875,3.573575,20210301
-7.0,106.875,3.9541218,20210401
-7.0,106.875,3.178913,20210501
-7.0,106.875,3.0281081,20210601
-7.0,106.875,3.5293481,20210701
-7.0,106.875,4.1921253,20210801
-7.0,106.875,4.2200785,20210901
-7.0,106.875,3.893657,20211001
-7.0,106.875,3.889122,20211101
-7.0,106.875,3.77762,20211201
-7.0,106.875,4.0622473,20220101
-7.0,106.875,4.4442773,20220201
-7.0,106.875,3.7604587,20220301
-7.0,106.875,3.2143722,20220401
-7.0,106.875,2.9755619,20220501
-7.0,106.875,3.1634452,20220601
-7.0,106.875,3.605969,20220701
-7.0,106.875,4.1093073,20220801
-7.0,106.875,3.936877,20220901
-7.0,106.875,4.2835493,20221001
-7.0,106.875,3.9526668,20221101
-7.0,106.875,4.5488076,20221201
-7.0,106.875,4.6358128,20230101
-7.0,106.875,5.6115904,20230201
-7.0,106.875,3.8139524,20230301
-7.0,106.875,3.8720305,20230501
-7.0,106.875,3.8938828,20230601
-7.0,107.5,3.5993786,20200101
-7.0,107.5,3.515167,20200201
-7.0,107.5,3.3650973,20200301
-7.0,107.5,2.8596673,20200401
-7.0,107.5,3.1277351,20200501
-7.0,107.5,3.4210532,20200601
-7.0,107.5,3.7153492,20200701
-7.0,107.5,3.508949,20200801
-7.0,107.5,3.9925957,20200901
-7.0,107.5,3.694158,20201001
-7.0,107.5,3.465398,20201101
-7.0,107.5,5.043628,20201201
-7.0,107.5,4.4625206,20210101
-7.0,107.5,5.076786,20210201
-7.0,107.5,3.2298365,20210301
-7.0,107.5,3.4545667,20210401
-7.0,107.5,2.815476,20210501
-7.0,107.5,2.580408,20210601
-7.0,107.5,3.3448107,20210701
-7.0,107.5,3.8684883,20210801
-7.0,107.5,3.8892527,20210901
-7.0,107.5,2.960723,20211001
-7.0,107.5,3.3230953,20211101
-7.0,107.5,3.5668721,20211201
-7.0,107.5,3.9600244,20220101
-7.0,107.5,4.251413,20220201
-7.0,107.5,3.5019143,20220301
-7.0,107.5,2.851351,20220401
-7.0,107.5,2.7019923,20220501
-7.0,107.5,2.7971845,20220601
-7.0,107.5,3.2645955,20220701
-7.0,107.5,3.2978523,20220801
-7.0,107.5,3.2437637,20220901
-7.0,107.5,3.3730726,20221001
-7.0,107.5,3.5504785,20221101
-7.0,107.5,4.1515393,20221201
-7.0,107.5,4.441015,20230101
-7.0,107.5,5.5934277,20230201
-7.0,107.5,3.4252827,20230301
-7.0,107.5,3.1377606,20230501
-7.0,107.5,3.1775239,20230601
-7.0,108.125,2.8952205,20200101
-7.0,108.125,2.9215178,20200201
-7.0,108.125,2.7056816,20200301
-7.0,108.125,2.5035002,20200401
-7.0,108.125,3.0771923,20200501
-7.0,108.125,3.6549222,20200601
-7.0,108.125,4.28629,20200701
-7.0,108.125,4.2721653,20200801
-7.0,108.125,4.750221,20200901
-7.0,108.125,4.0896955,20201001
-7.0,108.125,3.2256315,20201101
-7.0,108.125,3.571086,20201201
-7.0,108.125,3.3128276,20210101
-7.0,108.125,4.1738176,20210201
-7.0,108.125,2.5320504,20210301
-7.0,108.125,3.1217003,20210401
-7.0,108.125,3.0576265,20210501
-7.0,108.125,2.7108352,20210601
-7.0,108.125,3.7221375,20210701
-7.0,108.125,4.499813,20210801
-7.0,108.125,4.5753374,20210901
-7.0,108.125,3.5000784,20211001
-7.0,108.125,2.6675925,20211101
-7.0,108.125,2.683395,20211201
-7.0,108.125,3.0337389,20220101
-7.0,108.125,3.276694,20220201
-7.0,108.125,2.627119,20220301
-7.0,108.125,2.4703975,20220401
-7.0,108.125,2.4051356,20220501
-7.0,108.125,2.7303324,20220601
-7.0,108.125,3.6874664,20220701
-7.0,108.125,4.077989,20220801
-7.0,108.125,3.7633703,20220901
-7.0,108.125,3.2676477,20221001
-7.0,108.125,3.0274215,20221101
-7.0,108.125,3.2462225,20221201
-7.0,108.125,3.1364841,20230101
-7.0,108.125,4.0341086,20230201
-7.0,108.125,2.7060921,20230301
-7.0,108.125,3.5235946,20230501
-7.0,108.125,3.78425,20230601
-7.0,108.75,2.9550502,20200101
-7.0,108.75,3.1520941,20200201
-7.0,108.75,2.7332442,20200301
-7.0,108.75,2.6172063,20200401
-7.0,108.75,3.021489,20200501
-7.0,108.75,3.5980136,20200601
-7.0,108.75,4.5073643,20200701
-7.0,108.75,4.613,20200801
-7.0,108.75,5.1766663,20200901
-7.0,108.75,4.498326,20201001
-7.0,108.75,3.4722908,20201101
-7.0,108.75,3.7508175,20201201
-7.0,108.75,3.4060175,20210101
-7.0,108.75,4.501174,20210201
-7.0,108.75,2.7345924,20210301
-7.0,108.75,3.25333,20210401
-7.0,108.75,3.1104605,20210501
-7.0,108.75,2.8206644,20210601
-7.0,108.75,3.911426,20210701
-7.0,108.75,4.752461,20210801
-7.0,108.75,4.6809115,20210901
-7.0,108.75,4.4059114,20211001
-7.0,108.75,2.8360271,20211101
-7.0,108.75,2.9257119,20211201
-7.0,108.75,3.2172158,20220101
-7.0,108.75,3.1422832,20220201
-7.0,108.75,2.7008572,20220301
-7.0,108.75,2.7029293,20220401
-7.0,108.75,2.5286222,20220501
-7.0,108.75,2.8149183,20220601
-7.0,108.75,3.8358212,20220701
-7.0,108.75,4.4965806,20220801
-7.0,108.75,4.1960926,20220901
-7.0,108.75,4.0957184,20221001
-7.0,108.75,3.3678055,20221101
-7.0,108.75,3.6654463,20221201
-7.0,108.75,3.053301,20230101
-7.0,108.75,3.5713863,20230201
-7.0,108.75,2.5709677,20230301
-7.0,108.75,3.7619832,20230501
-7.0,108.75,4.358534,20230601
-6.5,106.25,3.6277008,20200101
-6.5,106.25,3.6779087,20200201
-6.5,106.25,3.2470212,20200301
-6.5,106.25,3.1404955,20200401
-6.5,106.25,3.1874764,20200501
-6.5,106.25,3.0926409,20200601
-6.5,106.25,3.1389117,20200701
-6.5,106.25,3.1816697,20200801
-6.5,106.25,3.7698183,20200901
-6.5,106.25,4.0518055,20201001
-6.5,106.25,3.792936,20201101
-6.5,106.25,5.6685805,20201201
-6.5,106.25,4.5641804,20210101
-6.5,106.25,4.6935034,20210201
-6.5,106.25,3.5527163,20210301
-6.5,106.25,3.5037158,20210401
-6.5,106.25,2.9036233,20210501
-6.5,106.25,2.9756722,20210601
-6.5,106.25,3.157102,20210701
-6.5,106.25,3.3943524,20210801
-6.5,106.25,3.4722958,20210901
-6.5,106.25,3.6065276,20211001
-6.5,106.25,4.4559813,20211101
-6.5,106.25,3.993582,20211201
-6.5,106.25,3.9943304,20220101
-6.5,106.25,4.46774,20220201
-6.5,106.25,4.2088056,20220301
-6.5,106.25,3.56087,20220401
-6.5,106.25,2.972278,20220501
-6.5,106.25,3.0228906,20220601
-6.5,106.25,3.1321623,20220701
-6.5,106.25,3.2296746,20220801
-6.5,106.25,3.489507,20220901
-6.5,106.25,4.367932,20221001
-6.5,106.25,4.3720956,20221101
-6.5,106.25,4.661244,20221201
-6.5,106.25,4.853847,20230101
-6.5,106.25,5.2389536,20230201
-6.5,106.25,3.6201694,20230301
-6.5,106.25,3.2560344,20230501
-6.5,106.25,3.2043433,20230601
-6.5,106.875,3.5846953,20200101
-6.5,106.875,3.4521494,20200201
-6.5,106.875,3.1542788,20200301
-6.5,106.875,2.9372263,20200401
-6.5,106.875,2.966566,20200501
-6.5,106.875,3.1698215,20200601
-6.5,106.875,3.0052636,20200701
-6.5,106.875,3.1095595,20200801
-6.5,106.875,3.1107635,20200901
-6.5,106.875,3.2199664,20201001
-6.5,106.875,3.4073045,20201101
-6.5,106.875,5.2173696,20201201
-6.5,106.875,4.3496065,20210101
-6.5,106.875,4.635766,20210201
-6.5,106.875,3.3308153,20210301
-6.5,106.875,2.972739,20210401
-6.5,106.875,2.8842092,20210501
-6.5,106.875,2.7312276,20210601
-6.5,106.875,2.9806652,20210701
-6.5,106.875,3.047201,20210801
-6.5,106.875,3.1003487,20210901
-6.5,106.875,2.7242851,20211001
-6.5,106.875,3.761813,20211101
-6.5,106.875,3.6778188,20211201
-6.5,106.875,3.895374,20220101
-6.5,106.875,4.0763135,20220201
-6.5,106.875,3.815828,20220301
-6.5,106.875,3.11113,20220401
-6.5,106.875,2.7276964,20220501
-6.5,106.875,2.7406194,20220601
-6.5,106.875,2.9247124,20220701
-6.5,106.875,2.651909,20220801
-6.5,106.875,2.780952,20220901
-6.5,106.875,3.4654915,20221001
-6.5,106.875,3.8274016,20221101
-6.5,106.875,4.190534,20221201
-6.5,106.875,4.518694,20230101
-6.5,106.875,4.949264,20230201
-6.5,106.875,3.3349817,20230301
-6.5,106.875,2.572107,20230501
-6.5,106.875,2.5825424,20230601
-6.5,107.5,3.9749494,20200101
-6.5,107.5,3.72124,20200201
-6.5,107.5,3.2123692,20200301
-6.5,107.5,3.2506478,20200401
-6.5,107.5,3.4055693,20200501
-6.5,107.5,3.881792,20200601
-6.5,107.5,4.0345626,20200701
-6.5,107.5,4.1465855,20200801
-6.5,107.5,3.925187,20200901
-6.5,107.5,3.5964224,20201001
-6.5,107.5,3.3504558,20201101
-6.5,107.5,4.967716,20201201
-6.5,107.5,4.5812445,20210101
-6.5,107.5,4.9042363,20210201
-6.5,107.5,3.4239678,20210301
-6.5,107.5,3.099234,20210401
-6.5,107.5,3.5451808,20210501
-6.5,107.5,3.0687778,20210601
-6.5,107.5,3.7395918,20210701
-6.5,107.5,4.047279,20210801
-6.5,107.5,4.0395207,20210901
-6.5,107.5,2.810623,20211001
-6.5,107.5,3.3684244,20211101
-6.5,107.5,3.5914955,20211201
-6.5,107.5,4.038556,20220101
-6.5,107.5,4.0160513,20220201
-6.5,107.5,3.5159369,20220301
-6.5,107.5,2.8574228,20220401
-6.5,107.5,2.9622586,20220501
-6.5,107.5,2.8778002,20220601
-6.5,107.5,3.7069426,20220701
-6.5,107.5,3.5626082,20220801
-6.5,107.5,3.1835077,20220901
-6.5,107.5,3.0433578,20221001
-6.5,107.5,3.4601395,20221101
-6.5,107.5,3.8959618,20221201
-6.5,107.5,4.368177,20230101
-6.5,107.5,5.240815,20230201
-6.5,107.5,3.4830115,20230301
-6.5,107.5,3.4212425,20230501
-6.5,107.5,3.2659698,20230601
-6.5,108.125,4.4855857,20200101
-6.5,108.125,4.470857,20200201
-6.5,108.125,3.2099476,20200301
-6.5,108.125,3.2067192,20200401
-6.5,108.125,3.5879753,20200501
-6.5,108.125,4.586453,20200601
-6.5,108.125,5.4441676,20200701
-6.5,108.125,5.522557,20200801
-6.5,108.125,5.5246525,20200901
-6.5,108.125,4.479908,20201001
-6.5,108.125,3.3289177,20201101
-6.5,108.125,4.93417,20201201
-6.5,108.125,5.0164127,20210101
-6.5,108.125,5.7458754,20210201
-6.5,108.125,3.5432477,20210301
-6.5,108.125,3.5837433,20210401
-6.5,108.125,3.8894787,20210501
-6.5,108.125,3.452807,20210601
-6.5,108.125,4.7083683,20210701
-6.5,108.125,5.582624,20210801
-6.5,108.125,5.442332,20210901
-6.5,108.125,3.8805952,20211001
-6.5,108.125,2.920717,20211101
-6.5,108.125,3.3509238,20211201
-6.5,108.125,4.504298,20220101
-6.5,108.125,4.1115394,20220201
-6.5,108.125,3.0564325,20220301
-6.5,108.125,2.7275205,20220401
-6.5,108.125,3.0111392,20220501
-6.5,108.125,3.1034377,20220601
-6.5,108.125,4.756918,20220701
-6.5,108.125,5.03009,20220801
-6.5,108.125,4.268336,20220901
-6.5,108.125,3.212636,20221001
-6.5,108.125,3.2670116,20221101
-6.5,108.125,4.0214677,20221201
-6.5,108.125,4.267255,20230101
-6.5,108.125,5.5812087,20230201
-6.5,108.125,3.4157927,20230301
-6.5,108.125,4.6069255,20230501
-6.5,108.125,4.7691436,20230601
-6.5,108.75,4.9221277,20200101
-6.5,108.75,4.989386,20200201
-6.5,108.75,3.1941078,20200301
-6.5,108.75,3.126544,20200401
-6.5,108.75,3.5436912,20200501
-6.5,108.75,4.556017,20200601
-6.5,108.75,5.3802524,20200701
-6.5,108.75,5.2865005,20200801
-6.5,108.75,5.7320485,20200901
-6.5,108.75,4.8078084,20201001
-6.5,108.75,3.460241,20201101
-6.5,108.75,5.457138,20201201
-6.5,108.75,5.502993,20210101
-6.5,108.75,6.7193713,20210201
-6.5,108.75,3.6224825,20210301
-6.5,108.75,3.823129,20210401
-6.5,108.75,3.9787543,20210501
-6.5,108.75,3.721474,20210601
-6.5,108.75,4.684449,20210701
-6.5,108.75,5.7071247,20210801
-6.5,108.75,5.481674,20210901
-6.5,108.75,4.7815776,20211001
-6.5,108.75,2.6954565,20211101
-6.5,108.75,3.4373815,20211201
-6.5,108.75,5.1699805,20220101
-6.5,108.75,4.49072,20220201
-6.5,108.75,2.9604511,20220301
-6.5,108.75,2.853502,20220401
-6.5,108.75,3.0624785,20220501
-6.5,108.75,3.2484126,20220601
-6.5,108.75,4.8249393,20220701
-6.5,108.75,5.077827,20220801
-6.5,108.75,4.537626,20220901
-6.5,108.75,4.0330205,20221001
-6.5,108.75,3.5178132,20221101
-6.5,108.75,4.6925707,20221201
-6.5,108.75,4.672459,20230101
-6.5,108.75,6.193731,20230201
-6.5,108.75,3.4492152,20230301
-6.5,108.75,4.492459,20230501
-6.5,108.75,4.893734,20230601
-6.0,106.25,3.9070017,20200101
-6.0,106.25,3.9566562,20200201
-6.0,106.25,3.276333,20200301
-6.0,106.25,3.2332125,20200401
-6.0,106.25,3.4093904,20200501
-6.0,106.25,3.5569243,20200601
-6.0,106.25,3.4490273,20200701
-6.0,106.25,3.5038414,20200801
-6.0,106.25,3.4128475,20200901
-6.0,106.25,3.5788367,20201001
-6.0,106.25,3.8884206,20201101
-6.0,106.25,5.9051147,20201201
-6.0,106.25,4.636454,20210101
-6.0,106.25,4.96464,20210201
-6.0,106.25,3.6415908,20210301
-6.0,106.25,3.2658324,20210401
-6.0,106.25,3.4101233,20210501
-6.0,106.25,3.139845,20210601
-6.0,106.25,3.4606204,20210701
-6.0,106.25,3.451676,20210801
-6.0,106.25,3.4176192,20210901
-6.0,106.25,3.066809,20211001
-6.0,106.25,4.665903,20211101
-6.0,106.25,4.0040736,20211201
-6.0,106.25,4.078876,20220101
-6.0,106.25,4.217412,20220201
-6.0,106.25,4.473202,20220301
-6.0,106.25,3.9096088,20220401
-6.0,106.25,3.0053253,20220501
-6.0,106.25,3.000655,20220601
-6.0,106.25,3.336829,20220701
-6.0,106.25,2.7951586,20220801
-6.0,106.25,3.1458836,20220901
-6.0,106.25,4.2086253,20221001
-6.0,106.25,4.6341257,20221101
-6.0,106.25,4.6899123,20221201
-6.0,106.25,5.1155834,20230101
-6.0,106.25,4.9172697,20230201
-6.0,106.25,3.498444,20230301
-6.0,106.25,3.0057693,20230501
-6.0,106.25,2.9053931,20230601
-6.0,106.875,4.2023005,20200101
-6.0,106.875,4.114778,20200201
-6.0,106.875,3.2292159,20200301
-6.0,106.875,3.3055923,20200401
-6.0,106.875,3.5926592,20200501
-6.0,106.875,4.264642,20200601
-6.0,106.875,4.2631507,20200701
-6.0,106.875,4.538915,20200801
-6.0,106.875,3.8299425,20200901
-6.0,106.875,3.5402725,20201001
-6.0,106.875,3.7103765,20201101
-6.0,106.875,5.88897,20201201
-6.0,106.875,4.9751444,20210101
-6.0,106.875,5.4289002,20210201
-6.0,106.875,3.7658937,20210301
-6.0,106.875,3.256387,20210401
-6.0,106.875,3.8969603,20210501
-6.0,106.875,3.3813603,20210601
-6.0,106.875,3.93952,20210701
-6.0,106.875,4.209999,20210801
-6.0,106.875,4.0583425,20210901
-6.0,106.875,2.8575258,20211001
-6.0,106.875,4.192365,20211101
-6.0,106.875,3.983801,20211201
-6.0,106.875,4.3650584,20220101
-6.0,106.875,4.1869226,20220201
-6.0,106.875,4.1379433,20220301
-6.0,106.875,3.4445038,20220401
-6.0,106.875,2.9452078,20220501
-6.0,106.875,3.023795,20220601
-6.0,106.875,3.8705585,20220701
-6.0,106.875,3.5004601,20220801
-6.0,106.875,3.0349333,20220901
-6.0,106.875,3.5696335,20221001
-6.0,106.875,4.09016,20221101
-6.0,106.875,4.551698,20221201
-6.0,106.875,5.124401,20230101
-6.0,106.875,5.276687,20230201
-6.0,106.875,3.5827556,20230301
-6.0,106.875,3.3843362,20230501
-6.0,106.875,3.4428942,20230601
-6.0,107.5,4.688701,20200101
-6.0,107.5,4.520338,20200201
-6.0,107.5,3.3014557,20200301
-6.0,107.5,3.4453826,20200401
-6.0,107.5,3.8086555,20200501
-6.0,107.5,4.9407735,20200601
-6.0,107.5,5.2935967,20200701
-6.0,107.5,5.523714,20200801
-6.0,107.5,4.6002445,20200901
-6.0,107.5,4.025268,20201001
-6.0,107.5,3.6615899,20201101
-6.0,107.5,6.294326,20201201
-6.0,107.5,5.6629868,20210101
-6.0,107.5,5.9616733,20210201
-6.0,107.5,4.023419,20210301
-6.0,107.5,3.4057882,20210401
-6.0,107.5,4.3593345,20210501
-6.0,107.5,3.7510872,20210601
-6.0,107.5,4.6315117,20210701
-6.0,107.5,5.107145,20210801
-6.0,107.5,4.9451923,20210901
-6.0,107.5,3.083442,20211001
-6.0,107.5,4.044713,20211101
-6.0,107.5,4.1921096,20211201
-6.0,107.5,4.9516225,20220101
-6.0,107.5,4.3900576,20220201
-6.0,107.5,3.9120734,20220301
-6.0,107.5,3.0116463,20220401
-6.0,107.5,3.03864,20220501
-6.0,107.5,3.0829854,20220601
-6.0,107.5,4.716827,20220701
-6.0,107.5,4.545042,20220801
-6.0,107.5,3.5711737,20220901
-6.0,107.5,3.277564,20221001
-6.0,107.5,3.8495936,20221101
-6.0,107.5,4.525584,20221201
-6.0,107.5,5.3662667,20230101
-6.0,107.5,5.975157,20230201
-6.0,107.5,3.7983065,20230301
-6.0,107.5,4.458205,20230501
-6.0,107.5,4.45714,20230601
-6.0,108.125,5.1647763,20200101
-6.0,108.125,4.994981,20200201
-6.0,108.125,3.436786,20200301
-6.0,108.125,3.2745082,20200401
-6.0,108.125,3.8759005,20200501
-6.0,108.125,5.2455955,20200601
-6.0,108.125,5.9048777,20200701
-6.0,108.125,5.9795084,20200801
-6.0,108.125,5.568382,20200901
-6.0,108.125,4.506857,20201001
-6.0,108.125,3.5791166,20201101
-6.0,108.125,6.772458,20201201
-6.0,108.125,6.318105,20210101
-6.0,108.125,6.733143,20210201
-6.0,108.125,3.948853,20210301
-6.0,108.125,3.6336784,20210401
-6.0,108.125,4.492433,20210501
-6.0,108.125,3.886936,20210601
-6.0,108.125,5.104328,20210701
-6.0,108.125,5.883475,20210801
-6.0,108.125,5.6453834,20210901
-6.0,108.125,3.8687403,20211001
-6.0,108.125,3.551601,20211101
-6.0,108.125,4.1097198,20211201
-6.0,108.125,5.480512,20220101
-6.0,108.125,4.858289,20220201
-6.0,108.125,3.763038,20220301
-6.0,108.125,2.7022033,20220401
-6.0,108.125,3.1197407,20220501
-6.0,108.125,3.3226588,20220601
-6.0,108.125,5.2867355,20220701
-6.0,108.125,5.2688837,20220801
-6.0,108.125,4.189124,20220901
-6.0,108.125,3.3724391,20221001
-6.0,108.125,3.6533003,20221101
-6.0,108.125,4.459142,20221201
-6.0,108.125,5.7039886,20230101
-6.0,108.125,6.907524,20230201
-6.0,108.125,3.9137802,20230301
-6.0,108.125,4.972318,20230501
-6.0,108.125,5.177633,20230601
-5.5,106.25,4.1779814,20200101
-5.5,106.25,4.4788275,20200201
-5.5,106.25,3.1782632,20200301
-5.5,106.25,3.1121404,20200401
-5.5,106.25,3.589898,20200501
-5.5,106.25,4.056031,20200601
-5.5,106.25,4.197998,20200701
-5.5,106.25,4.1676292,20200801
-5.5,106.25,3.5886676,20200901
-5.5,106.25,3.6356692,20201001
-5.5,106.25,3.9477098,20201101
-5.5,106.25,5.437207,20201201
-5.5,106.25,4.836491,20210101
-5.5,106.25,5.4688554,20210201
-5.5,106.25,3.5459595,20210301
-5.5,106.25,3.2575798,20210401
-5.5,106.25,3.7085333,20210501
-5.5,106.25,3.252048,20210601
-5.5,106.25,3.8856666,20210701
-5.5,106.25,4.032987,20210801
-5.5,106.25,3.777093,20210901
-5.5,106.25,2.92593,20211001
-5.5,106.25,4.366224,20211101
-5.5,106.25,3.779115,20211201
-5.5,106.25,4.067863,20220101
-5.5,106.25,3.8392942,20220201
-5.5,106.25,4.187207,20220301
-5.5,106.25,3.9324837,20220401
-5.5,106.25,2.9025114,20220501
-5.5,106.25,3.0820088,20220601
-5.5,106.25,3.8290734,20220701
-5.5,106.25,3.1758595,20220801
-5.5,106.25,3.0981226,20220901
-5.5,106.25,4.1437078,20221001
-5.5,106.25,4.6307106,20221101
-5.5,106.25,4.686359,20221201
-5.5,106.25,5.1725183,20230101
-5.5,106.25,4.6929846,20230201
-5.5,106.25,3.3056016,20230301
-5.5,106.25,3.446861,20230501
-5.5,106.25,3.2802713,20230601
-5.5,106.875,4.5756454,20200101
-5.5,106.875,4.699889,20200201
-5.5,106.875,3.2711492,20200301
-5.5,106.875,3.1396961,20200401
-5.5,106.875,3.7585104,20200501
-5.5,106.875,4.6856112,20200601
-5.5,106.875,5.0089903,20200701
-5.5,106.875,5.04225,20200801
-5.5,106.875,4.0374103,20200901
-5.5,106.875,3.6391494,20201001
-5.5,106.875,3.9234586,20201101
-5.5,106.875,6.167978,20201201
-5.5,106.875,5.440576,20210101
-5.5,106.875,6.0504313,20210201
-5.5,106.875,3.8734343,20210301
-5.5,106.875,3.241594,20210401
-5.5,106.875,4.0720463,20210501
-5.5,106.875,3.5472,20210601
-5.5,106.875,4.4229913,20210701
-5.5,106.875,4.780256,20210801
-5.5,106.875,4.3778205,20210901
-5.5,106.875,2.6976051,20211001
-5.5,106.875,4.3375998,20211101
-5.5,106.875,4.1802936,20211201
-5.5,106.875,4.649776,20220101
-5.5,106.875,4.1288996,20220201
-5.5,106.875,4.257771,20220301
-5.5,106.875,3.6216426,20220401
-5.5,106.875,2.8232615,20220501
-5.5,106.875,3.1555114,20220601
-5.5,106.875,4.405092,20220701
-5.5,106.875,3.9460142,20220801
-5.5,106.875,3.0427265,20220901
-5.5,106.875,3.5716176,20221001
-5.5,106.875,4.286659,20221101
-5.5,106.875,4.8165064,20221201
-5.5,106.875,5.7159204,20230101
-5.5,106.875,5.540871,20230201
-5.5,106.875,3.7012894,20230301
-5.5,106.875,4.079964,20230501
-5.5,106.875,3.92008,20230601
